Model,Accuracy,Log Loss,Brier Score,Precision_H,Recall_H,F1_H,Precision_D,Recall_D,F1_D,Precision_A,Recall_A,F1_A,Home Wins,Draws,Away Wins,Accuracy_std
Baseline (Home Win),0.4359649122807017,,,0.4359649122807017,1.0,0.6060276729143014,0.0,0.0,0.0,0.0,0.0,0.0,0.0,0.0,0.0,0.05077879171370633
Decision Tree,0.4087719298245614,18.073660516786575,1.0830896686159843,0.5351503101536652,0.44902856891325343,0.48451123304028104,0.20723001377025027,0.24138009478206765,0.22142707715909485,0.43223025919228447,0.4661646147922771,0.44010301718096745,423.0,284.0,433.0,0.04890301706935564
Logistic Regression,0.5263157894736842,1.0020949968570871,0.5908803277420299,0.5317053625759562,0.7770844932688052,0.6305395339954164,0.26828808446455504,0.04305464355892646,0.0723989898989899,0.5506555825898892,0.5138172845766659,0.5259031198686371,725.0,38.0,377.0,0.0480218094497228
Most Frequent Outcome,0.4359649122807017,,,0.4359649122807017,1.0,0.6060276729143014,0.0,0.0,0.0,0.0,0.0,0.0,0.0,0.0,0.0,0.05077879171370633
Random Forest,0.48157894736842105,1.29329975923263,0.6630749417817233,0.5368174946746375,0.6436000114209031,0.5841696998826768,0.20569259962049335,0.1430695224252798,0.15707734000416929,0.5114587577614285,0.4980361636991962,0.4988772420218961,594.0,156.0,390.0,0.0052631578947368585
