Model,Accuracy,Log Loss,Brier Score,Precision_H,Recall_H,F1_H,Precision_D,Recall_D,F1_D,Precision_A,Recall_A,F1_A,Accuracy_std
Baseline (Home Win),0.4359649122807017,,,0.4359649122807017,1.0,0.6060276729143014,0.0,0.0,0.0,0.0,0.0,0.0,0.05077879171370633
Decision Tree,0.42017543859649126,17.737099149839846,1.065448343079922,0.5460131024359391,0.4512470198580953,0.4893231935292723,0.21583083923400737,0.25303541170192095,0.23135721388400168,0.4513681302704275,0.4885521138532041,0.459431724976735,0.04028407895861414
Logistic Regression,0.5263157894736842,1.0020949968570736,0.5908803277420248,0.5317053625759562,0.7770844932688052,0.6305395339954164,0.26828808446455504,0.04305464355892646,0.0723989898989899,0.5506555825898892,0.5138172845766659,0.5259031198686371,0.0480218094497228
Most Frequent Outcome,0.4359649122807017,,,0.4359649122807017,1.0,0.6060276729143014,0.0,0.0,0.0,0.0,0.0,0.0,0.05077879171370633
Random Forest,0.4728070175438597,1.293845858189974,0.6654974286445053,0.5372180587234351,0.621072577459896,0.5747196788068724,0.2057794057794058,0.1539390876426711,0.16565749379574654,0.5006936584273997,0.49271455469160846,0.4929200581374495,0.013245323570650456
