Model,Accuracy,Log Loss,Brier Score,Precision_H,Recall_H,F1_H,Precision_D,Recall_D,F1_D,Precision_A,Recall_A,F1_A,Accuracy_std
Baseline (Home Win),0.4359649122807017,,,0.4359649122807017,1.0,0.6060276729143014,0.0,0.0,0.0,0.0,0.0,0.0,0.05077879171370633
Decision Tree,0.4166666666666667,17.945175541570467,1.0716374269005848,0.5443501718372757,0.45753416753513115,0.4925902949662242,0.20710004792007194,0.25048387057107796,0.22558894395535203,0.4478185564355161,0.4713107345428593,0.45197719644437145,0.03582557518712657
Logistic Regression,0.5263157894736842,1.0020949968570736,0.5908803277420248,0.5317053625759562,0.7770844932688052,0.6305395339954164,0.26828808446455504,0.04305464355892646,0.0723989898989899,0.5506555825898892,0.5138172845766659,0.5259031198686371,0.0480218094497228
Most Frequent Outcome,0.4359649122807017,,,0.4359649122807017,1.0,0.6060276729143014,0.0,0.0,0.0,0.0,0.0,0.0,0.05077879171370633
Random Forest,0.47719298245614034,1.3409852825840558,0.6660450870384704,0.5315032582919638,0.6256058432195526,0.5728359650054414,0.23312441585573698,0.17939301603228594,0.19179292929292927,0.5181528815372022,0.4864480035309143,0.4970089624313905,0.009241801537590117
