Model,Accuracy,Log Loss,Brier Score,Precision_H,Recall_H,F1_H,Precision_D,Recall_D,F1_D,Precision_A,Recall_A,F1_A,Accuracy_std
Baseline (Home Win),0.4359649122807017,,,0.4359649122807017,1.0,0.6060276729143014,0.0,0.0,0.0,0.0,0.0,0.0,0.05077879171370633
Decision Tree,0.41929824561403506,17.798461449425087,1.069103313840156,0.5476396879955727,0.4659347771258346,0.4981489447681618,0.20555806427334988,0.24539615903909576,0.2224921501280918,0.45085996903387654,0.4704596996844715,0.4511672288226183,0.031615475949017716
Logistic Regression,0.5263157894736842,1.0020949968570736,0.5908803277420248,0.5317053625759562,0.7770844932688052,0.6305395339954164,0.26828808446455504,0.04305464355892646,0.0723989898989899,0.5506555825898892,0.5138172845766659,0.5259031198686371,0.0480218094497228
Most Frequent Outcome,0.4359649122807017,,,0.4359649122807017,1.0,0.6060276729143014,0.0,0.0,0.0,0.0,0.0,0.0,0.05077879171370633
Random Forest,0.47543859649122805,1.3558505084588788,0.6704976606977585,0.5361992949248225,0.6139865614040096,0.5708102200690793,0.20768115942028986,0.17096801166699868,0.17669215168017785,0.5232654230076911,0.5002148129366689,0.5069591750841751,0.012436356911191087
