Model,Accuracy,Log Loss,Brier Score,Precision_H,Recall_H,F1_H,Precision_D,Recall_D,F1_D,Precision_A,Recall_A,F1_A,Accuracy_std
Baseline (Home Win),0.4359649122807017,,,0.4359649122807017,1.0,0.6060276729143014,0.0,0.0,0.0,0.0,0.0,0.0,0.05077879171370633
Decision Tree,0.41578947368421054,17.655075637954948,1.066130604288499,0.5432422865072285,0.4450562360510324,0.48388224458651824,0.21535345529797678,0.25665860010771807,0.2330000804282982,0.44383736970264015,0.48062633817894973,0.4526055036302636,0.04135850959342559
Logistic Regression,0.5263157894736842,1.0020949968570736,0.5908803277420248,0.5317053625759562,0.7770844932688052,0.6305395339954164,0.26828808446455504,0.04305464355892646,0.0723989898989899,0.5506555825898892,0.5138172845766659,0.5259031198686371,0.0480218094497228
Most Frequent Outcome,0.4359649122807017,,,0.4359649122807017,1.0,0.6060276729143014,0.0,0.0,0.0,0.0,0.0,0.0,0.05077879171370633
Random Forest,0.47368421052631576,1.3194802518316413,0.6653788034326285,0.5349387677766849,0.6135133672153459,0.5701978563888526,0.21291456884839766,0.17028924024327563,0.17887310869767012,0.5177840890052302,0.49724734242355945,0.5022638134502541,0.018421052631578935
