Model,Accuracy,Log Loss,Brier Score,Precision_H,Recall_H,F1_H,Precision_D,Recall_D,F1_D,Precision_A,Recall_A,F1_A,Home Wins,Draws,Away Wins,Accuracy_std
Baseline (Home Win),0.4359649122807017,,,0.4359649122807017,1.0,0.6060276729143014,0.0,0.0,0.0,0.0,0.0,0.0,0.0,0.0,0.0,0.05077879171370633
Decision Tree,0.4263157894736842,17.415738378958025,1.0537037037037038,0.5575078954923917,0.45880623010264543,0.49839325033230847,0.21251806711199658,0.24578903489032677,0.22593280645782865,0.45650448511959535,0.49928923916309825,0.46589714714714714,417.0,282.0,441.0,0.03190619908679511
Logistic Regression,0.5263157894736842,1.0020949968570871,0.5908803277420299,0.5317053625759562,0.7770844932688052,0.6305395339954164,0.26828808446455504,0.04305464355892646,0.0723989898989899,0.5506555825898892,0.5138172845766659,0.5259031198686371,725.0,38.0,377.0,0.0480218094497228
Most Frequent Outcome,0.4359649122807017,,,0.4359649122807017,1.0,0.6060276729143014,0.0,0.0,0.0,0.0,0.0,0.0,0.0,0.0,0.0,0.05077879171370633
Random Forest,0.47368421052631576,1.2761645593537079,0.6718696841959307,0.5306012524896583,0.6302015670430806,0.574212991959106,0.19147529328119448,0.1572610097462723,0.1605097454379751,0.5120462639726365,0.4835744403125235,0.49377709244655854,589.0,176.0,375.0,0.02154040203124328
